{
  "distributions": [
    {"0": 0.995, "1": 0.00005, "2": 0.00495},
    {"0": 0.1, "1": 0.88, "2": 0.020},
    {"0": 0.35, "1":  0.05, "2": 0.60}
  ],
  "transition_matrix": [
    [0.995, 0.00000, 0.005],
    [0.0000, 0.995, 0.005],
    [0.00001, 0.00049, 0.9995]
  ],
  "starts": [0, 0, 1]
}